dependency,versions,services,llm_reasoning
org.springframework:spring-test,"6.2.8, 5.3.39, ${spring-test.version}, ${spring-6.version}, ${spring-boot.version}, 4.0.6.RELEASE","{""6.2.8"": [""dubbo""], ""5.3.39"": [""dubbo""], ""${spring-test.version}"": [""dubbo""], ""${spring-6.version}"": [""dubbo""], ""${spring-boot.version}"": [""dubbo""], ""4.0.6.RELEASE"": [""spring-boot-microservices"", ""spring-boot-microservices"", ""spring-boot-microservices"", ""spring-boot-microservices"", ""spring-boot-microservices"", ""spring-boot-microservices"", ""spring-boot-microservices"", ""spring-boot-microservices""]}","Based on the provided information, there is a potential conflict with the `org.springframework:spring-test` dependency due to multiple versions being used across different microservices. Here's an analysis and a recommended approach:

### Versions and Usage
1. **6.2.8** is used by `dubbo`.
2. **5.3.39** is used by `dubbo`.
3. **4.0.6.RELEASE** is used by `spring-boot-microservices`.
4. **${spring-test.version}, ${spring-6.version}, ${spring-boot.version}** are placeholders for versions that are not explicitly defined here, making it difficult to assess without further context.

### Risks
- **Compatibility Issues**: Having different versions of the same dependency can lead to runtime errors or unexpected behavior, especially if the services interact with each other.
- **Security Vulnerabilities**: Older versions may have unfixed vulnerabilities that could pose security risks.
- **Maintenance Overhead**: Managing multiple versions increases the complexity of maintenance and troubleshooting.

### Recommendation
1. **Standardize on the Latest Version**: 
   - Upgrade all microservices to use the latest version of `org.springframework:spring-test`, which is **6.2.8**. This version is the most up-to-date and likely contains the latest security patches and features.
   
2. **Resolve Placeholders**:
   - Determine the actual versions for the placeholders `${spring-test.version}`, `${spring-6.version}`, and `${spring-boot.version}`. They should be updated to **6.2.8** to maintain consistency unless there's a specific reason for deviation.

3. **Test Thoroughly**:
   - Ensure all services are thoroughly tested after the upgrade to confirm compatibility and stability, particularly with any integration points between `dubbo` and `spring-boot-microservices`.

4. **Review Dependencies**:
   - Check for any specific dependency constraints or compatibility issues within the `spring-boot-microservices` that might require a specific version of `spring-test`. If such constraints exist, they should be documented and evaluated carefully.

By aligning all services to use the same latest version of the `spring-test` dependency, you minimize the risk of compatibility issues and improve maintainability across your microservices architecture."
org.springframework.boot:spring-boot-starter-actuator,"3.5.0, 1.2.3.RELEASE","{""3.5.0"": [""dubbo""], ""1.2.3.RELEASE"": [""spring-boot-microservices"", ""spring-boot-microservices"", ""spring-boot-microservices"", ""spring-boot-microservices"", ""spring-boot-microservices"", ""spring-boot-microservices"", ""spring-boot-microservices"", ""spring-boot-microservices""]}","In this scenario, there is a clear version conflict with the `org.springframework.boot:spring-boot-starter-actuator` dependency across your microservices. Here are the details and recommendations:

### Conflict Analysis
- **Versions in Use**: 
  - `3.5.0` is used by the `dubbo` service.
  - `1.2.3.RELEASE` is used by multiple instances of `spring-boot-microservices`.

- **Latest Version**: The latest version available for this dependency is `3.5.0`.

### Risks of Version Discrepancy
1. **Compatibility Issues**: Different versions of a dependency may have different APIs and features. This can lead to runtime errors if services interact with each other expecting different behaviors from the dependency.
2. **Security Vulnerabilities**: Older versions, such as `1.2.3.RELEASE`, may have unpatched security vulnerabilities that are resolved in later versions.
3. **Performance and Stability**: Newer versions often include performance improvements and bug fixes which older versions do not benefit from.

### Recommendation
- **Upgrade All Services**: It is recommended to upgrade all instances of `spring-boot-microservices` using `1.2.3.RELEASE` to `3.5.0`. This aligns all services to the latest version, reducing the risk of incompatibility and leveraging the latest improvements and security patches.
- **Testing**: Before deploying the upgraded version to production, ensure thorough testing. This includes regression testing to verify that the services function correctly with the new version.
- **Review Release Notes**: Carefully examine the release notes and migration guides provided by Spring Boot for version `3.5.0`, to identify any breaking changes or required code modifications for compatibility.

By standardizing the dependency version across all microservices to `3.5.0`, you create a more maintainable, secure, and stable system architecture."
org.springframework.boot:spring-boot-starter-web,"3.5.0, 3.0.5, 1.2.3.RELEASE","{""3.5.0"": [""dubbo""], ""3.0.5"": [""dubbo""], ""1.2.3.RELEASE"": [""spring-boot-microservices"", ""spring-boot-microservices"", ""spring-boot-microservices"", ""spring-boot-microservices"", ""spring-boot-microservices"", ""spring-boot-microservices"", ""spring-boot-microservices"", ""spring-boot-microservices""]}","Based on the information provided, there is a conflict with the versions of the `org.springframework.boot:spring-boot-starter-web` dependency across different services. The versions being used are 3.5.0, 3.0.5, and 1.2.3.RELEASE.

### Analysis of Current Versions:

1. **3.5.0**: This is the latest version and is used by the `dubbo` service.
2. **3.0.5**: This version is also used by the `dubbo` service. Having two different versions in the same service can lead to classpath conflicts and undefined behavior.
3. **1.2.3.RELEASE**: An older version used by multiple instances of `spring-boot-microservices`. This version is significantly outdated compared to 3.5.0.

### Risks Identified:

- **Security Vulnerabilities**: Older versions may have known security vulnerabilities that have been addressed in newer releases.
- **Bug Fixes and Performance Improvements**: Newer versions often contain important bug fixes and performance improvements.
- **Compatibility Issues**: Different versions may introduce compatibility issues, especially if services need to interact or share data.
- **Maintenance Overhead**: Managing multiple versions increases the complexity of maintenance and support.

### Recommendation:

1. **Upgrade All Services to the Latest Version (3.5.0)**:
   - Update all instances of `spring-boot-microservices` and the `dubbo` service to use version 3.5.0. This ensures consistency across all services and takes advantage of the latest features, security patches, and optimizations.
   - Test the services thoroughly after upgrading to ensure there are no breaking changes or compatibility issues with other dependencies.

2. **Consolidate Dubbo Service**:
   - Resolve the version discrepancy within the `dubbo` service by standardizing on version 3.5.0.

3. **Review Release Notes**:
   - Before upgrading, review the release notes of each version between 1.2.3.RELEASE and 3.5.0 to identify any major changes or potential breaking changes that might affect your services.

4. **Implement Dependency Management**:
   - Consider using a dependency management tool like Maven or Gradle to enforce version control and avoid such discrepancies in the future.

By standardizing all services on version 3.5.0, you will minimize risks and ensure a more stable and secure environment."
